id,created_at,text
964721659599978496,2018-02-17 04:42:21,RT @TechCrunch: Visa confirms Coinbase wasn‚Äôt at fault for overcharging users https://t.co/z8qdynFGau by @fitztepper
964680087894245376,2018-02-17 01:57:10,RT @jenwieczner: Update: Visa and Worldpay have now issued a joint apology to Coinbase customers https://t.co/pB8QW9pek3 https://t.co/ct9LM‚Ä¶
964679320680583170,2018-02-17 01:54:07,"RT @coinbase: Joint Statement from Visa and Worldpay for Coinbase customers

https://t.co/Izgnl70I8S https://t.co/DQLSs1PrU7"
964679307082678273,2018-02-17 01:54:04,RT @brian_armstrong: Glad to see the record set straight on this. It was tough to see people jump to conclusions here and assume the worst‚Ä¶
964665881652375552,2018-02-17 01:00:43,@sonyaellenmann @sbyrnes @earndotcom The counterargument is https://t.co/ybcFS8J9C6. It‚Äôs true only some people are‚Ä¶ https://t.co/1TfY55ZIXn
961061596842770433,2018-02-07 02:18:35,"RT @earndotcom: By popular request, you can now send rich text tasks and campaigns through https://t.co/bm7iUj8aAu!
https://t.co/kaoJzH2KVr"
959661286366654464,2018-02-03 05:34:14,"@mwilcox @TuurDemeester That‚Äôs not the intent. Future airdrops will pay you in BTC as well, not just tokens."
959660820593491968,2018-02-03 05:32:23,"@CleanApp You‚Äôd have to make the barcode in the glyphs robust to the types of distortions (scaling, shifting, rotat‚Ä¶ https://t.co/EiBs70Dbyw"
959659824559529985,2018-02-03 05:28:26,"If this works, you could also add metadata to the barcode so that you know who took the screenshot and when. Secure‚Ä¶ https://t.co/ArsomMclCr"
959658510454673408,2018-02-03 05:23:13,Primary use case would be as an improved watermark for applications like Docsend. Font would need to be designed su‚Ä¶ https://t.co/Q2feddDjwV
959657095208452096,2018-02-03 05:17:35,Could we design a screenshot-resistant font? Programmatically vary the glyphs for each letter in a way that‚Äôs easy‚Ä¶ https://t.co/cdyysfRV6u
959583533302824963,2018-02-03 00:25:17,"RT @davecraige: This is smart. Offer your crypto consulting services through @earndotcom 

/@balajis https://t.co/tdvjnKYM4j"
958551074096345089,2018-01-31 04:02:39,RT @earndotcom: Instant verification is now live at https://t.co/bm7iUj8aAu! Just connect your LinkedIn and an institutional email address‚Ä¶
958174239315574785,2018-01-30 03:05:15,"RT @KikiSchirr: I loved seeing the results of the @ProductHunt Golden Kitty Awards this year!

So many congratulations due, but my fav was‚Ä¶"
958168844048060417,2018-01-30 02:43:48,RT @davidlee: Congratulations to @balajis and others at the @earndotcom team! https://t.co/CytdOw2xNL
958027351970885638,2018-01-29 17:21:34,"RT @ProductHunt: ‚õìÔ∏è Crypto Product of the Year: @EarnDotCom

Earn money for replying to emails and completing tasks, paid out in crypto to‚Ä¶"
957858057383374848,2018-01-29 06:08:51,"RT @ProductHunt: Introducing Airdrop, by @EarnDotCom. Get 100,000+ early adopters for your token project via @balajis https://t.co/KugEoCVL‚Ä¶"
957664047800795136,2018-01-28 17:17:56,RT @NTmoney: Momentum is building. Signup to start earning: https://t.co/8BZvJdbwSA https://t.co/9EKP7ahHCR
957663806888423424,2018-01-28 17:16:58,@realatslaughter @adesome @earndotcom We are rolling out something to radically speed up verification soon. Will announce!
957529279696285697,2018-01-28 08:22:24,RT @earndotcom: We‚Äôve been nominated for the Crypto Product of the Year Award on @ProductHunt! üèÜ If you enjoy getting free bitcoin in our a‚Ä¶
957524391830540288,2018-01-28 08:02:59,"RT @kimmaicutler: A train station started at 6 p.m. and completed by 3:30 a.m. in Southwestern China. 

A Bus Rapid Transit line down Van N‚Ä¶"
957438757346598913,2018-01-28 02:22:42,RT @adesome: Just signed up for the first @earndotcom airdrop. Paying $0.50 for a user to subscribe to a telegram group + email list and co‚Ä¶
957438726312935424,2018-01-28 02:22:35,"@adesome @earndotcom &gt; Just wish I could store my ETH address for future airdrops.
It's coming!"
957438512780865536,2018-01-28 02:21:44,RT @Melt_Dem: distribution is a huge challenge for new blockchain networks. love that @earndotcom is leveraging its wallet infrastructure t‚Ä¶
957438500101476352,2018-01-28 02:21:41,RT @bobspecht: Now the most casual way to possibly see crypto upside ‚Äì no reason not to sign up: https://t.co/jqBHYrAxoq https://t.co/gK1tL‚Ä¶
957438478320467968,2018-01-28 02:21:36,RT @Yoroomie: This is amazing on so many levels. Such a great way to bootstrap a project and also receive an incentive for being part of @e‚Ä¶
957095258344407040,2018-01-27 03:37:46,RT @zosegal: üèÜ We've also been nominated for Crypto Product of the Year on @ProductHunt!  You can your support here: https://t.co/vTTT0gQ9T‚Ä¶
957076381128511489,2018-01-27 02:22:45,"RT @earndotcom: A few highlights: 4 upcoming Airdrops, get $100 of free BTC for inviting friends to https://t.co/bm7iUj8aAu, and our upcomi‚Ä¶"
956929327760752641,2018-01-26 16:38:25,"RT @mikejcasey: Last night, at @GBBCouncil's blockchain lounge at #WEF18 in Davos, I announced a top-notch team for the @Coindesk Advisory‚Ä¶"
956789631982256129,2018-01-26 07:23:19,"@JonhaRichman Hi Jonha, we‚Äôll look into it!"
956665247271591936,2018-01-25 23:09:03,@Egon_01 @Bitcoin No worries and totally understood! Just want to make sure quote isn‚Äôt taken out of context by people RTing it.
956662721465827329,2018-01-25 22:59:01,@Egon_01 @Bitcoin Important clarification: I mentioned both Bitcoin Cash and the Lightning Network as better suited‚Ä¶ https://t.co/9Q1Khp4hPP
956320342980542465,2018-01-25 00:18:31,"RT @azeemk_: @twobitidiot @balajis @earndotcom yeah, I completely agree. Big fan of the company, and have been using their product for quit‚Ä¶"
956265952273883136,2018-01-24 20:42:24,RT @rrhoover: Relevant üëâüèº https://t.co/X2rNhJm4ij by @balajis and team https://t.co/85LbmXaVLv
956265909680664577,2018-01-24 20:42:14,RT @beller: Congrats to @balajis &amp; @calilyliu! Pay-to-install for crypto is going to change the game. https://t.co/9xMOJc0ZiT
956090157895225345,2018-01-24 09:03:51,"RT @ProductHunt: Introducing Airdrop, by @EarnDotCom. Get 100,000+ early adopters for your token project via @balajis https://t.co/KugEoDdm‚Ä¶"
956066338799308806,2018-01-24 07:29:12,@RaymondDurk @eriktorenberg @earndotcom @pmarca It's true :) Source: @pmarca and https://t.co/GwtEZHWfJE.
956065329708523520,2018-01-24 07:25:12,RT @earndotcom: Launch your token with an https://t.co/bm7iUjpLZ4 Airdrop! You can now instantly bootstrap your blockchain project with 100‚Ä¶
956031935398252552,2018-01-24 05:12:30,"@RaymondDurk @eriktorenberg @earndotcom @pmarca You can vote here: https://t.co/I9psgB5vei
List here: https://t.co/322irXnHYV"
956030195491799040,2018-01-24 05:05:35,"RT @eriktorenberg: I voted @earndotcom for crypto product of the year on @ProductHun.

I heard @pmarca earned $80,000 for charity with http‚Ä¶"
954922881846095872,2018-01-21 03:45:31,@atri_93 Take a look at https://t.co/ybcFS8J9C6 and https://t.co/OVWKosGEA3 and let me know if that's sufficient!
954049388531171328,2018-01-18 17:54:34,"RT @twobitidiot: I have found cold @earndotcom messages to be 100x more interesting, specific and relevant than anything I get through Link‚Ä¶"
953522580698181633,2018-01-17 07:01:13,"Maybe an obvious idea, but would be interesting to see a PvP game in which the winner gets the loot from the loser‚Ä¶ https://t.co/O1d1OG1VRx"
953400276202893312,2018-01-16 22:55:13,RT @lopp: You know what's better than buying BTC? Earning it! I earned $400 on @earndotcom last year just by answering questions - you can‚Ä¶
953395039601741825,2018-01-16 22:34:25,"RT @earndotcom: The fastest way to earn free Bitcoin? Just paste your new https://t.co/bm7iUj8aAu affiliate link all over the place.

More‚Ä¶"
949092843959721990,2018-01-05 01:39:01,"Did another little spot on CNBC this morning. Talked about how year-over-year growth appreciation in BTC is 15X, Et‚Ä¶ https://t.co/l8vgpLyQ8P"
947572187698884608,2017-12-31 20:56:29,"@joonian @La__Cuen @kyletorpey Right, key is what decisions they're making based on the news. If they are financial‚Ä¶ https://t.co/gsEb0O49AU"
947557016486023168,2017-12-31 19:56:12,"@joonian @La__Cuen @kyletorpey Yes, there are many differences (worth a longer post), but some software ideas I thi‚Ä¶ https://t.co/eBziKDSOeg"
947555640989270016,2017-12-31 19:50:44,"@joonian My understanding is that corrections to articles are often labeled as ""humiliating"". See for example:
https://t.co/C3yMnqFFn8"
947554896596701184,2017-12-31 19:47:46,"@La__Cuen @kyletorpey There would need to be a cultural adaptation on both sides. Rather than the ""paper of record""‚Ä¶ https://t.co/UFrBvQJDOH"
947553650112585728,2017-12-31 19:42:49,"@rauchg There are folks who are already working on stuff like this:
https://t.co/S0pzELAmQV
Eg @jashkenas did treme‚Ä¶ https://t.co/6SDI386N7A"
947552720264708096,2017-12-31 19:39:07,"@kyletorpey It's already acknowledged that news is just the ""first draft"" of history, so in an ideal world correcti‚Ä¶ https://t.co/e0WHN4THuU"
947552060727164928,2017-12-31 19:36:30,Props to @kyletorpey for the integrity to update his Forbes article on Lightning a few times. Would be amazing if n‚Ä¶ https://t.co/thwNPU5RM9
947549205979021312,2017-12-31 19:25:09,"RT @eriktorenberg: Sign up to receive early access to Token Daily -- your daily dose of all things crypto (discussion, launches, Q&amp;A w/ exp‚Ä¶"
947549174832050176,2017-12-31 19:25:02,"RT @analyticascent: The most important point I think I've learned from @balajis:

You can't expect people to challenge the status quo in an‚Ä¶"
947210917565022208,2017-12-30 21:00:55,"@jlbtc @TsonicTsunami It's imperfect, and I believe @twobitidiot is putting together a better data set (‚Ä¶ https://t.co/OlC5rtWzmv"
947209892225368064,2017-12-30 20:56:51,"Freud was a pseudoscientist, but we can repurpose him.
""The primary friction...stems from the individual's quest fo‚Ä¶ https://t.co/B7piq6JfIP"
947206652125519872,2017-12-30 20:43:58,"Cryptocurrencies invert the failure modes observed in public choice theory. For example, concentrated benefits now‚Ä¶ https://t.co/Fba9sjsAr9"
947205439371952128,2017-12-30 20:39:09,Everyone dissatisfied with the current system is going to end up aligning behind the blockchain. It's the Schelling‚Ä¶ https://t.co/ZbCvQl15hc
946111310218981376,2017-12-27 20:11:28,"@scottharrison @charitywater Sure, DM me"
944277013073772544,2017-12-22 18:42:38,"@TuckerGoodrich https://t.co/YjIMQi8YKk
https://t.co/fDGMTV8x33"
944263114031218688,2017-12-22 17:47:24,@naval @dstriddy @BobBrinker Agreed. The long-deferred fiat crisis will occur when we can run the entire financial‚Ä¶ https://t.co/38JzjpEdG8
943556804323057664,2017-12-20 19:00:47,@jonbroscious It could be a threat. Not 100% certain. Depends on relative rate of development of practical quantum‚Ä¶ https://t.co/HM5TOVBhAJ
943556139609833473,2017-12-20 18:58:08,"RT @ProductHunt: This podcast brings you inside the world of venture capital, with guests like @balajis, @rrhoover, and @pt üéôÔ∏è

https://t.c‚Ä¶"
943371127228850176,2017-12-20 06:42:58,"This was indeed a fantastic early essay on Bitcoin, from May 2011 by @Jason's LAUNCH. Worth re-reading today.‚Ä¶ https://t.co/CGkjsjbjS3"
943369068660142080,2017-12-20 06:34:47,"RT @Nivo0o0: Really enjoying responding to these on @earndotcom ‚Äì this is the future of cold emailing effectively.

Ask me anything: https:‚Ä¶"
941722279716691968,2017-12-15 17:31:02,"@evolvability @Ragnarly @earndotcom Hi David, you should set up your public profile, join lists, and set up email b‚Ä¶ https://t.co/oNktIUJWID"
941719113684082688,2017-12-15 17:18:27,RT @Ragnarly: Earning bitcoin on @earndotcom feels like the early days when I got some of my first bitcoins from a faucet. One day I'll rem‚Ä¶
941199083233992705,2017-12-14 06:52:02,"@jdh Gell-Mann amnesia!
https://t.co/E8EwvNoe37 https://t.co/kbiWHZcv2r"
940618962538184705,2017-12-12 16:26:51,"RT @twobitidiot: I answered like five messages on https://t.co/bYLmh8fbib. Now $1,000 worth of bitcoin. Thanks, @balajis!"
940124220045926400,2017-12-11 07:40:55,"RT @ProductHunt: Top Cryptocurrency Products üèÜ

‚ú® A beautiful demonstration of blockchain tech: https://t.co/8eU5dUftlF

üí∏ Get paid in bitc‚Ä¶"
938620454796869633,2017-12-07 04:05:29,RT @earndotcom: Carl just donated $255 in Bitcoin to @BlackGirlsCode! He earned it by answering emails and completing tasks on https://t.co‚Ä¶
938620441245097987,2017-12-07 04:05:26,RT @carlhaynes: The increase in bitcoin value makes me appreciate https://t.co/gvLk4zAF4f so much more. @earndotcom @BlackGirlsCode https:/‚Ä¶
938620414338539520,2017-12-07 04:05:20,RT @sameepa: Think of @earndotcom as a LinkedIn that pays you in #Bitcoin to answer those that may need your help. Good way to get in on th‚Ä¶
938601792241205248,2017-12-07 02:51:20,"@chrisamccoy Not exactly an airdrop in the sense of redemption for existing private keys, but yes, existing‚Ä¶ https://t.co/1dLjSZe2Sy"
938600620402946049,2017-12-07 02:46:40,"Here's another clip with @glennsolomon, @carlquintanilla, and @jonfortt . Discussion was on the Amazon vs Google tr‚Ä¶ https://t.co/2uLTisCr8G"
938597450830381056,2017-12-07 02:34:05,"Had fun on CNBC this morning, discussing https://t.co/GwtEZIdQBc, blockchain, and tech more generally. Here's one c‚Ä¶ https://t.co/UD7v7MQcce"
938239744974004225,2017-12-06 02:52:41,@bascule https://t.co/Fj0vTZzxE0
938238352293105664,2017-12-06 02:47:09,@ranreichman @fredwilson The key difference is that title is actually being transferred on the blockchain. By contr‚Ä¶ https://t.co/Ie1fgwFxVe
938237159781253120,2017-12-06 02:42:25,"@fredwilson By the way, the ERC-721 standard for non-fungible assets is by @dete73 of @AxiomZenTeam, which is the f‚Ä¶ https://t.co/VC5cJWHcto"
938236172878229506,2017-12-06 02:38:29,"@fredwilson Just like ERC-20 created the token and ICO boom, the ERC-721 standard for non-fungible assets may unloc‚Ä¶ https://t.co/Vpmqoai9gk"
938227401087004674,2017-12-06 02:03:38,Why is https://t.co/HxomrSC75o actually important? It's one of the first examples of what people have been talking‚Ä¶ https://t.co/xYsQwrnAN9
937269823037366273,2017-12-03 10:38:34,"RT @nagaraj_hubli: Thanks to @coincenter for the wonderful gift, pocket #bitcoin white paper https://t.co/YACfWuhBcj"
935784980805951488,2017-11-29 08:18:20,"RT @zosegal: My answer to ""How can I get bitcoins?"" https://t.co/bUi2TApcdz - A detailed beginner-friendly comparison of mining vs buying v‚Ä¶"
935784008440360960,2017-11-29 08:14:28,"RT @TonyGallippi: within the near future, blockchain technology and #bitcoin will have created more millionaires than all other IPOs in his‚Ä¶"
935736974199140352,2017-11-29 05:07:34,"@Ericmustin @noUpside @adamnash @harryh Life is indeed a multi-armed bandit problem, but strategies exist :)
https://t.co/Aca2gwvdqs"
935734622712889344,2017-11-29 04:58:13,@harryh @noUpside @adamnash @OneMorePeter Here's a third site which combines exchange-by-exchange breakdown with a‚Ä¶ https://t.co/qHDxJ043Lg
935732984191254534,2017-11-29 04:51:43,@Ericmustin @noUpside @adamnash @harryh https://t.co/5PfkE9GuPf
935731802718851072,2017-11-29 04:47:01,@harryh @noUpside @adamnash Interesting. The https://t.co/526cCVGqe2 trading volume estimates differ from Coinmarke‚Ä¶ https://t.co/XNoVOASQnB
935729742153703430,2017-11-29 04:38:50,"@noUpside @adamnash @harryh Coinmarketcap doesn't yet have historical graphs for trading volume, but usually they r‚Ä¶ https://t.co/18AMCGbjDu"
935715700320092161,2017-11-29 03:43:02,"@adamnash @harryh Ha :) One other interesting aspect of this rise, though -- public blockchains are the world's fir‚Ä¶ https://t.co/seWXQq3Tk1"
935707176437391360,2017-11-29 03:09:10,"@__jbram__ @FEhrsam Well, then we're already in crypto 4.0 :) 

There have been at least three major crashes/weedou‚Ä¶ https://t.co/xd7Qoltwar"
935705780795326464,2017-11-29 03:03:37,"@adamnash @harryh Here's my math. Let me know if off base, or else if you'd agree this is a highly liquid market.‚Ä¶ https://t.co/EjvlbIw1Wo"
935704680834854913,2017-11-29 02:59:15,"@adamnash @harryh Ah, but people are already highly liquid! For example, BTC's trading volume over the last 24 hour‚Ä¶ https://t.co/vtCDrh0ntL"
935701667143487488,2017-11-29 02:47:16,"@FEhrsam By contrast, I would put internecine disputes in a different category. Folks who were pro-Bitcoin but anti‚Ä¶ https://t.co/XCVhPSmVFs"
935700416372678656,2017-11-29 02:42:18,"@FEhrsam To be clear, in this context at least I'm referring to those who took a negative attitude towards *all* th‚Ä¶ https://t.co/khslxRvbXt"
935698483633315840,2017-11-29 02:34:37,@FEhrsam https://t.co/8Ya7ExfaCg https://t.co/6PXgPQpjdW
935642662857728000,2017-11-28 22:52:48,"@BambouClub Yes, that's what I was thinking of -- with the important caveat that it's hard to know which of those a‚Ä¶ https://t.co/qAggUXrah0"
935640593551695873,2017-11-28 22:44:35,"There are likely at least 10,000 blockchain millionaires (""only"" $10B of the $300B market cap). These are people wh‚Ä¶ https://t.co/Bz5DP9QYhB"
935639384090591232,2017-11-28 22:39:47,"The rise of the blockchain in 2017 has likely created at least 10,000 millionaires. By this measure it is probably‚Ä¶ https://t.co/hjpQc6Vh9H"
935637689293971457,2017-11-28 22:33:03,Price is a signal. And it now quantifies the strength of an ideological movement.
935637356459069441,2017-11-28 22:31:43,"Bitcoin, pronounced dead more than one hundred times, now $10,000 per coin.
Ethereum now closing in on $500.
And cr‚Ä¶ https://t.co/BwtL3xLxOJ"
935627123238170624,2017-11-28 21:51:03,"RT @jonst0kes: Basically, as of the past few weeks, ""BTC =&gt; $0USD"" is no longer a ""serious"" position. It just not something to say anymore,‚Ä¶"
930975205458984961,2017-11-16 01:46:00,"RT @demibrener: Just earned $40 worth of bitcoin by answering some messages on @earndotcom. Besides the money, it feels good to help others‚Ä¶"
930217361155661824,2017-11-13 23:34:36,Interesting proposal by @PrestonEvans1 on a new algorithm for random number generation in Ethereum. Introduces some‚Ä¶ https://t.co/ADi05wCtIL
929897145720651776,2017-11-13 02:22:10,"@dschatsky Days of declines are nothing! :) Be prepared for years like Jan 2014 to Jan 2015, wherein BTC lost about 80% of its value."
929893758962884608,2017-11-13 02:08:43,"@ilyasu Yeah, much longer discussion, but I think ETC vs ETH split is now established enough to show that a fork can be value creating."
929891671348723712,2017-11-13 02:00:25,"This is a new paradigm for dispute resolution for digital property. Won‚Äôt work for physical goods. But if it works for money, may be enough."
929890656285114370,2017-11-13 01:56:23,"With flight, you lose everything. With a fork, a community splits but retains their private keys and hence their property."
929888430275698688,2017-11-13 01:47:32,"Until now, in disputes over scarce resources your options were limited to fight or flight. We now have a third primitive: fork."
929887460733067264,2017-11-13 01:43:41,"It‚Äôs early and messy, but the market-based resolution of differences within the crypto community is actually a major innovation."
929884933857755137,2017-11-13 01:33:39,"For perspective, the Netscape IPO that really kicked off the Internet era was 8,131 days ago. Going forward 8,131 days puts us into 2040."
929883034345553922,2017-11-13 01:26:06,"By 2040, everyone under 30 will have never known a world without Bitcoin. It may as well be gold. That‚Äôs the long-t‚Ä¶ https://t.co/ORfTsfctuK"
928382913195925504,2017-11-08 22:05:09,"RT @nickabouzeid: .@EarnDotCom is the bomb dot com. üî•üíå 

Just broke $200 by answering 44 quick surveys: https://t.co/dSj8Asdol3 https://t.c‚Ä¶"
928057945958449153,2017-11-08 00:33:51,RT @brett_colbert: Line for #Blockchain panel at Dreamforce. Wraps around and around. Strong interest! @ValaAfshar @balajis https://t.co/0N‚Ä¶
927669941980901377,2017-11-06 22:52:04,"If caffeine improves your alertness, what substances might be helpful in other ways? Perhaps ketone esters.‚Ä¶ https://t.co/ObLnTcS6Vu"
927657478195515392,2017-11-06 22:02:32,"RT @ryanseay: @gvrooyen @shawnjooste I've had a ton of success with it, so far, as well."
927657455487614976,2017-11-06 22:02:27,RT @gvrooyen: @shawnjooste Getting lots of joy with https://t.co/1pJXgrvD00 at the moment. People actually pay to make contact (and I honor‚Ä¶
927644804745277441,2017-11-06 21:12:10,@mxschumacher We have that functionality already (it‚Äôs just a sort). It‚Äôs in beta for users with high inbox volume.
927613765029208064,2017-11-06 19:08:50,"Today: Dreamforce talk at 1:30PT on making blockchain useful for enterprise. Paid emails see 30-60%+ response rates!
https://t.co/dMrodh2x81"
927248880076328960,2017-11-05 18:58:55,RT @zosegal: My answer to What are some easy ways to earn #cryptocurrency? https://t.co/y1vNWhZIjM
927243987273916416,2017-11-05 18:39:28,"@WoodyLevin See below. With that said, Bitcoin as digital gold is distinct from Bitcoin as a technology platform.‚Ä¶ https://t.co/4cwtfIVBl7"
927235028240576513,2017-11-05 18:03:52,Mark &amp; Josh are both smart. The range of opinion in VC on Bitcoin is now between ‚Äúhas merit‚Äù &amp; ‚Äúchanges everything‚Äù‚Ä¶ https://t.co/W5XlTRzCYu
926556584586735616,2017-11-03 21:07:59,RT @earndotcom: https://t.co/bm7iUj8aAu was the #1 app of the day earlier this week on Product Hunt! Go check it out here: https://t.co/aFj‚Ä¶
925646632204451840,2017-11-01 08:52:09,"RT @earndotcom: Nice little mention of the new https://t.co/bm7iUj8aAu on @ProductHunt today.
https://t.co/u0LwxsEgox"
925381794496626688,2017-10-31 15:19:47,"@udiWertheimer @bitstein @haseebinc @coindesk Unchanged, you can still cash them out."
925224439494582274,2017-10-31 04:54:30,"RT @1confirmation: Millions have first got cryptocurrencies by buying, but billions may first get cryptocurrencies by earning

https://t.co‚Ä¶"
925166303014301698,2017-10-31 01:03:30,"@francispouliot_ Fake news! We never announced a shift away from Bitcoin. We're continuing to support it.
https://t.co/jVuP3Icia7"
925164464005046272,2017-10-31 00:56:11,@haseebinc @bitstein @coindesk Reason: one doesn't usually quote/denominate prices in BTC. Unit of account still US‚Ä¶ https://t.co/fDmsB2tTpd
925163722489839617,2017-10-31 00:53:14,"@haseebinc @bitstein @coindesk To be clear: prices/balances always shown in USD, with ability to earn &amp; cash out in‚Ä¶ https://t.co/Am4youyNeY"
925156791381475328,2017-10-31 00:25:42,@coindesk We're still pro-Bitcoin and always will be :) Not a shift away from Bitcoin as we'll continue to support‚Ä¶ https://t.co/W84vsmHBB1
925153827287842817,2017-10-31 00:13:55,"RT @earndotcom: Same product, spiffy new domain :) 
https://t.co/2USdK4FP7P https://t.co/UZsyye6cq3"
924791364356685824,2017-10-30 00:13:37,"Bitcoin: now worth $100 billion.
https://t.co/yv2TYMpgKj https://t.co/ZYQoOJAArA"
922997730313515008,2017-10-25 01:26:22,RT @brian_armstrong: The @21 Gmail integration looks pretty slick - nice work! https://t.co/PZjG1vuhmK
921602126375149568,2017-10-21 05:00:44,@A_Hannan_Ismail @inthepixels @IBMBlockchain @Freakonomics @charliebilello I don‚Äôt think I ever called IBM a joke?‚Ä¶ https://t.co/xmPMqVYKwg
920902910862487554,2017-10-19 06:42:18,@benjaminjwhitby @TWistartups @21 Follow @LauraDeming :)
919865062470295553,2017-10-16 09:58:15,Huge if true. Would love to see confirmation of this story from a primary source. https://t.co/BZ7dmqmR95
919834830400995328,2017-10-16 07:58:07,"RT @ProductHunt: üì∞‚ö°Ô∏è @TwitterMoments is bigger than CNN, NY Times, and Washington Post. @balajis https://t.co/oqPhUQGNoq"
919670592004956160,2017-10-15 21:05:30,RT @Medium: ‚ÄúHow big is Twitter Moments?‚Äù by @balajis https://t.co/ysPkMssjWA
919017312765857792,2017-10-14 01:49:36,RT @coindesk: 'Massive Disruption': IMF's Lagarde Says Cryptocurrencies Must Be Taken Seriously https://t.co/uMrSflC10R https://t.co/hG6JAa‚Ä¶
918993649970630656,2017-10-14 00:15:34,"RT @jimcramer: Nah, i like it; i am just sick of people saying ""of course i love blockchain, but not Bitcoin!"" https://t.co/DLHCwgJJ5H"
918744977039118337,2017-10-13 07:47:26,"RT @iamjosephyoung: Major milestone: #bitcoin market cap surpasses that of Goldman Sachs at $95 billion üöÄ

Next: $100 billion &amp; eventually‚Ä¶"
918717514791526402,2017-10-13 05:58:19,"@wayfarersprayer @jakebeckman No worries, fixed. See here btw:
https://t.co/bFHG666a4d
Moments content isn't great,‚Ä¶ https://t.co/PWxwFQ1PTS"
918716014304489472,2017-10-13 05:52:21,@mathewi I don't know; engagement numbers aren't public. But Moments may now be bigger than CNN if we look at mobil‚Ä¶ https://t.co/mUEWT8yuQ5
918713088131473408,2017-10-13 05:40:43,"@tomhormby Here's the long form: https://t.co/R5X1M5orgw
Totally agree mobile uniques are not engagement. That woul‚Ä¶ https://t.co/SpUDaCn60O"
918711901525118977,2017-10-13 05:36:00,@tomhormby @thomas_violence Absolutely right. But that's a distribution hack on Twitter's part. Now 90M a month see‚Ä¶ https://t.co/jSk3RmmMhQ
918711010835382274,2017-10-13 05:32:28,@tomhormby @thomas_violence I'd argue it's fairly comparable as both are mobile uniques. Most visitors to CNN don't‚Ä¶ https://t.co/yTOUuC6q8K
918710342766665728,2017-10-13 05:29:49,"@thomas_violence Anyway, here's a blog post version. Has some numbers that were surprising to me at least (hence my‚Ä¶ https://t.co/GpuOW6ltjr"
918709265837146113,2017-10-13 05:25:32,"@thomas_violence (btw, pleasantly surprised with rational discussion!)
My net: Moments content does suck in many wa‚Ä¶ https://t.co/9nhaB7pPjx"
918708755629408256,2017-10-13 05:23:30,"@thomas_violence Reasonable point, but:
1) Captive audiences are also what newspapers sell to advertisers
2) CNN di‚Ä¶ https://t.co/eMCN4YnIGV"
918704493688111104,2017-10-13 05:06:34,"@timni Oh yeah, I'm not saying the content is great. But the scale and influence is enormous. See this calculation: https://t.co/bFHG666a4d"
918703260550160384,2017-10-13 05:01:40,"@JM77 Hi Jason. Moments does suck in many ways. But in terms of sheer viewership, it's already probably bigger than‚Ä¶ https://t.co/H9vhEgmPvN"
918702197310865408,2017-10-13 04:57:27,"@daveweigel If you're interested in the numbers, Moments likely has more monthly uniques than the Washington Post.
https://t.co/bFHG666a4d"
918694677859131392,2017-10-13 04:27:34,"@thomas_violence Moments is already likely bigger than CNN, the New York Times, or the Washington Post.‚Ä¶ https://t.co/qHSmaazMtF"
918691844245950464,2017-10-13 04:16:18,How could Twitter Moments be bigger than CNN? Every mobile search in 10+ countries now shows a Moments headline.‚Ä¶ https://t.co/WEOH2KytIH
918690197839032320,2017-10-13 04:09:46,"RT @balajis: Followup: I ran the numbers. Twitter Moments likely has 92-139M mobile monthly uniques, more than CNN, NYT, or WaPo.
https://t‚Ä¶"
918689379345866752,2017-10-13 04:06:31,"Followup: I ran the numbers. Twitter Moments likely has 92-139M mobile monthly uniques, more than CNN, NYT, or WaPo.
https://t.co/R5X1M5orgw"
918552094893838336,2017-10-12 19:00:59,RT @ryaneshea: Announcing the Blockstack Token Whitepaper: a look in the Blockstack token &amp; its impact on the Blockstack ecosystem https://‚Ä¶
918267513401638912,2017-10-12 00:10:10,"@tunkuv Content has improved with personalization, but still needs work. Influence due to 100M+ DAUs hitting search is substantial."
918236917157781506,2017-10-11 22:08:35,@mathewi https://t.co/IgVqFgJ4ae
918226302917906433,2017-10-11 21:26:25,"@gnarmac You see the headlines every time you search in the mobile app. You might not RT/fave, but millions of peop‚Ä¶ https://t.co/RUniJm06ix"
918224729735073794,2017-10-11 21:20:10,"Twitter‚Äôs headlines are shown &gt;100M+ times per day, every time a user performs a search. And shown to a highly influential global audience."
918221122050674688,2017-10-11 21:05:49,"Facebook doesn‚Äôt do first party content, and NYT has no concept of user profile or social network. Moments is a unique combination."
918220129976160257,2017-10-11 21:01:53,Moments is shown on every search within the Twitter app. And knows exactly which users have seen and engaged with each story.
918219427128266759,2017-10-11 20:59:05,Twitter Moments has quietly become one of the most important news outlets in the world. Maybe the most important. It drives the narrative.
918146353863290882,2017-10-11 16:08:43,"@gonzoucab @Ipazos @BKBrianKelly Yep. If you use ROI &amp; count cost of mining as zero in early days, BTC is #1. If yo‚Ä¶ https://t.co/h3rz9skZoS"
918144360381894656,2017-10-11 16:00:48,"RT @rrhoover: Interesting talk about the opportunity in blockchain, tokens, and ICOs (drink üçª) with @balajis and @Jason: https://t.co/CWDOR‚Ä¶"
918143825121603584,2017-10-11 15:58:40,@chaiwaala @Th3Acist @vakeraj @BKBrianKelly People have definitely written buggy Bitcoin scripts. Doesn‚Äôt mean scri‚Ä¶ https://t.co/k6JxfmXBYb
917858219371974656,2017-10-10 21:03:47,"@seweso Don't think that's been merged in, so it's still incorrect to say that ""Ethereum is written in Solidity"" (t‚Ä¶ https://t.co/IxmCtpx83q"
917857037010251776,2017-10-10 20:59:05,"@vakeraj @viaj3ro @Th3Acist @BKBrianKelly Regarding updating APIs on the fly, it's hard but standard practice.‚Ä¶ https://t.co/n46kivqGIg"
917856357080068096,2017-10-10 20:56:23,"@vakeraj @viaj3ro @Th3Acist @BKBrianKelly 1) Exchange hacks = also disasters :)
2) All APIs are upgraded on the fly‚Ä¶ https://t.co/9n3Uc6G3UD"
917854290001235968,2017-10-10 20:48:10,"@viaj3ro @Th3Acist @vakeraj @BKBrianKelly 3) Solidity is absolutely an error-prone language, but to my knowledge ha‚Ä¶ https://t.co/A58cWGEtQI"
917853727473721345,2017-10-10 20:45:56,"@viaj3ro @Th3Acist @vakeraj @BKBrianKelly 1) Ethereum is not written in Solidity, Solidity runs on the EVM
2) EVM i‚Ä¶ https://t.co/ED7Z25d46Z"
917852890697555968,2017-10-10 20:42:36,"@farzamehsani Should write this up, but raw data is here:
https://t.co/Hf9GuvR2OA
https://t.co/HvFHXhff5B‚Ä¶ https://t.co/aeUXEeTsfq"
917803695072530432,2017-10-10 17:27:07,"@cburniske @Google Right, I did mention that :) Main point is that huge new capital investments would be necessary‚Ä¶ https://t.co/KDqyt1UIQN"
917802394917974017,2017-10-10 17:21:57,"@Th3Acist @vakeraj @BKBrianKelly Solidity definitely has security issues! However, many Bitcoin exchanges have been‚Ä¶ https://t.co/Wtas5jfFLn"
917800884591054848,2017-10-10 17:15:57,"@BKBrianKelly Of course, a different metric would provide a different ranking (so ‚Äúbest‚Äù is contextual). Neverthele‚Ä¶ https://t.co/FVDCdfYL1l"
917800377357160449,2017-10-10 17:13:56,"@BKBrianKelly As context, metric used was time from inception to liquid $20B market cap. ETH/BTC far better than an‚Ä¶ https://t.co/T6V1aUMF4O"
917798547390595072,2017-10-10 17:06:40,"@vakeraj @BKBrianKelly ENS is a functional distributed domain name system, programmed in Solidity, with &gt;150k .eth‚Ä¶ https://t.co/4Mfc3zMxZG"
916308137006702592,2017-10-06 14:24:18,"@udiWertheimer If censorship-resistant money is useful, then censorship-resistant X (X=ads, storage, etc) may be useful. We‚Äôll see."
916307650945605634,2017-10-06 14:22:22,"@udiWertheimer CPA is one big piece, but also:
1) Can‚Äôt stop you from placing an ad
2) Can place an ad pseudonymous‚Ä¶ https://t.co/BBv2N3P2ae"
916307347013644288,2017-10-06 14:21:10,"@udiWertheimer Compare 90s banner ads to 2017 targeted ads. At first just a replica of billboards, then programmati‚Ä¶ https://t.co/9oBC6kNhNg"
916301465576026112,2017-10-06 13:57:48,@udiWertheimer Advertiser has incentive to understate conversions; ad network (Goog) has incentive to overstate. Bl‚Ä¶ https://t.co/OlEjsMLNMW
916300349224361985,2017-10-06 13:53:21,"@udiWertheimer In long term, blockchain-based ads could transform CPA. Right now, nontrivial for advertiser &amp; ad ne‚Ä¶ https://t.co/nFDCuKphGD"
916206120133210112,2017-10-06 07:38:55,@mwilcox So this might still be notable in that it‚Äôs one of the first to actually attract nonzero ad rev from real‚Ä¶ https://t.co/HxNEnutkwR
916205172614762496,2017-10-06 07:35:10,"@mwilcox Another great link, thanks! With that said, looks like pixelmap.io, https://t.co/SnpPT5Iq04, etc didn‚Äôt at‚Ä¶ https://t.co/o6M9UCEi7U"
916203402157211649,2017-10-06 07:28:07,"Ah: may be first with real revenues, but prior art exists:
https://t.co/BJ4zk71CWX
https://t.co/NA8hHQzYGl
h/t @doraemondrian @metamarcdw"
916165904253149184,2017-10-06 04:59:07,"This might be the first blockchain-based, fully decentralized ad platform. https://t.co/k0AklOqS2I"
915681314979770368,2017-10-04 20:53:32,"Google's new realtime translation headphones are a huge step for digital nomadism. Many more countries opened up.
https://t.co/26j4GQdTFi"
914254806021058561,2017-09-30 22:25:06,"@jeffscottward @21 Coming soon, though we will support BTC as well. See this thread for details: https://t.co/vydeBLUPHz"
914254525954797568,2017-09-30 22:23:59,"@uk_c_c @TuurDemeester @purepeep Most folks can afford $5, but if you want to reply for free you can click ""decline‚Ä¶ https://t.co/dUotmNTZDG"
914253057000488961,2017-09-30 22:18:09,"@emivelazquez6 @TuurDemeester @danariely In other words, shouldn't miss forest for the trees. &gt;2 billion people ben‚Ä¶ https://t.co/3RNjTQdfZi"
914251917554888704,2017-09-30 22:13:37,"@emivelazquez6 @TuurDemeester @danariely Yes - but while Ariely identifies good exceptions, keep in mind the massiv‚Ä¶ https://t.co/wZlX17McLQ"
914251077414879232,2017-09-30 22:10:17,RT @TuurDemeester: @purepeep It works pretty good as a filter so far. High signal/noise ratio in my 21 inbox.
914243254182305793,2017-09-30 21:39:12,"RT @TuurDemeester: I can no longer keep up with responses to my tweets. If you want to be certain I read your message, please use https://t‚Ä¶"
913911345078083584,2017-09-29 23:40:18,RT @nickwhite___: Just earned a quick &amp; painless $10 of #bitcoin filling out a @21 co survey. Impressed by business model &amp; excited to watc‚Ä¶
913476386110631936,2017-09-28 18:51:56,RT @wilsonsonsini: Excited to host @jason and @balajis today! Come early for ICO &amp; cryptocurrency talk by our very own Robert Rosenblum #TW‚Ä¶
913450814055653376,2017-09-28 17:10:19,"Fireside chat on crypto with @jason at 4pm PT today!
In SF? Sign up: https://t.co/5ZQ7TRMA8g
Video will be here: https://t.co/4lcyVphqCR"
912879871898009600,2017-09-27 03:21:36,"@zooko @21 OK. We will see whether we might be able to do something here, maybe as an option setting. (Btw, excited‚Ä¶ https://t.co/Q0HdHA5UfS"
912866859132764160,2017-09-27 02:29:54,"@zooko @21 Also, many sent messages are tasks/surveys rather than emails. Can't pay $10 for 1 second ""no"" while pay‚Ä¶ https://t.co/hIe7XIoVuu"
912865068072681472,2017-09-27 02:22:47,@zooko @21 Thanks for the feedback! Problem is that if users get paid for *not* replying it can lead to incentive disalignment.
911894440171651074,2017-09-24 10:05:51,"@Bershidsky @VitalikButerin Leonid, I agree with you that sometimes real name usage can quell abuse. But there must‚Ä¶ https://t.co/Pl2yHNKPFh"
911891795880980480,2017-09-24 09:55:20,@VitalikButerin @Bershidsky @JamesADamore Why do journalists go to jail to protect their sources? Because revealing‚Ä¶ https://t.co/ezWgObLdFd
911890003545939968,2017-09-24 09:48:13,@Bershidsky @VitalikButerin @JamesADamore The Federalist Papers were written under a pseudonym.‚Ä¶ https://t.co/6vpYGDve3i
911410065961136128,2017-09-23 02:01:07,RT @21: We have a new token. There's no ICO. You earn tokens just for signing up. And it works even if buying BTC is banned. https://t.co/P‚Ä¶
911372336095309824,2017-09-22 23:31:12,Fun interview with the WSJ this week. Hopefully this helps get a few more people into digital currency. https://t.co/f62YvLr183
910553728373055489,2017-09-20 17:18:20,Speaking with @bheater at TechCrunch Disrupt today about https://t.co/4hzFggmXJQ &amp; other things. Livestreaming now: https://t.co/tBwyduJMgn
910231356830998528,2017-09-19 19:57:21,@brian_armstrong I have funds + great domain for this (https://t.co/iPzbj9kCFO). Would be good to reward top journa‚Ä¶ https://t.co/9uMdOJUbOo
910183438572855296,2017-09-19 16:46:56,"A blockchain extravaganza today at Stanford. Talks by me, @jcp, @danboneh, and @VitalikButerin. Livestream begins a‚Ä¶ https://t.co/AK4JKDO1gU"
910181051061776384,2017-09-19 16:37:27,@bitstein @tedmrogers @hrdng üëçGoal is to measure decentralization to improve and then optimize censorship resistanc‚Ä¶ https://t.co/tfMpVo3thr
910178691275034624,2017-09-19 16:28:04,@bitstein @tedmrogers @hrdng üôÇ Wasn't Harding was going to update that? It has a fundamental misunderstanding of ma‚Ä¶ https://t.co/kOyl793vj6
910175815798743040,2017-09-19 16:16:39,"@EricDHerrera @tedmrogers That response misunderstood the mathematical term ""objective function"" üôÇ
https://t.co/86LLArp94d"
909942616560615424,2017-09-19 00:50:00,@pierre_rochard Big fan of that effort. Will be very interesting to see what happens once coverage extends to China‚Ä¶ https://t.co/ncMcNIjwUF
909930654816595968,2017-09-19 00:02:28,"For true digital gold, we may need partition-tolerant blockchains and many of these network resilience features: https://t.co/fukZ7s9k98"
909925086601240576,2017-09-18 23:40:20,"They may do a blockchain with Chinese characteristics. Steps to date are reminiscent of the Great Firewall rollout.
https://t.co/DeIzLlliIC"
909924296004313088,2017-09-18 23:37:12,"The Great Blockchain of China may be on the way.
https://t.co/mZ3qH84e1g"
909162632044859394,2017-09-16 21:10:37,"RT @21: With the new 21 Gmail integration, whitelist your friends and get people outside your network to pay for your time.
https://t.co/JH‚Ä¶"
909162602277822465,2017-09-16 21:10:30,"RT @21: Do you use Gmail? Then start getting people to pay you to read their email.
https://t.co/JHIgnUYJfM https://t.co/lVkmsy7ClR"
908806760852582400,2017-09-15 21:36:31,"PM Trudeau is kicking off #HacktheNorth at 8:30pm ET, followed by my talk with @William_Blake. A livestream is here‚Ä¶ https://t.co/AH6nyOUofz"
908433896114655239,2017-09-14 20:54:53,@JeremiahLee @21 @1Password Good feedback. Will incorporate.
908433301509111809,2017-09-14 20:52:31,RT @21: Why issue a token vs BTC/ETH? Tokens let us issue digital currency to each user upon signup. So new users can immediately send paid‚Ä¶
908433289236615168,2017-09-14 20:52:28,RT @21: Note that existing 21 pay-to-email will continue to work in same way. Token just becomes internal currency. Can still cash out BTC.
908433278767702016,2017-09-14 20:52:26,"RT @21: If you're an existing 21 user, you should get verified. If you're already verified, just sit tight and you'll get tokens at the lau‚Ä¶"
908433266063085571,2017-09-14 20:52:23,"RT @21: We'll still support Bitcoin as a cashout method (likely via Shapeshift), so don't worry about that. You can continue to use 21 to g‚Ä¶"
908433255707414532,2017-09-14 20:52:20,"RT @21: Every time the userbase doubles, the token reward halves. So while the launch is in Q4, you should sign up today: https://t.co/PYgP‚Ä¶"
908420207537922048,2017-09-14 20:00:29,RT @mikejcasey: We timed @balajis's thought-provoking @MITSloan talk today very well. Same day this news breaks. A token WITHOUT an ICO. Re‚Ä¶
908420093171744769,2017-09-14 20:00:02,RT @Jason: This is going to be a blast! the @balajis and I together for the first time... for one night only! join us! #ICO #cryptocurrency‚Ä¶
905476591592996864,2017-09-06 17:03:37,"RT @lopp: Now that would have been a fork worth fighting for, @balajis https://t.co/6qrX2HQE74 https://t.co/Fj4uFIZgBq"
905476482679451648,2017-09-06 17:03:11,RT @Steven_McKie: This was a great discussion @balajis https://t.co/4FpgMMSZFu
905111564872597504,2017-09-05 16:53:07,@ericjackson @haralabob @VitalikButerin To be precise: that's not the only reason by any means (Ethereum stands on‚Ä¶ https://t.co/IHcu8LJxiM
891709180758736896,2017-07-30 17:16:50,"@Nivo0o0 @VitalikButerin Any individual decentralization benchmark can be critiqued, but a collection starts gettin‚Ä¶ https://t.co/CITmRjgE6E"
891707948044386304,2017-07-30 17:11:56,"@Nivo0o0 @VitalikButerin üëç Good chat. Also, we can now set up a dashboard with decentralization benchmarks just lik‚Ä¶ https://t.co/hJaAPkrl1S"
891703977896624128,2017-07-30 16:56:10,"@hrdng Sure, go ahead. Re: rest, goal isn't partisan. It's to start measuring to improve. Can use decentralization‚Ä¶ https://t.co/rF8W30VkG7"
891472207540502528,2017-07-30 01:35:11,"@hrdng 3. In my view, the purpose of decentralization is censorship resistance. Need metrics to optimize decentrali‚Ä¶ https://t.co/gi6gPhYEeP"
891469316243079169,2017-07-30 01:23:42,"@hrdng 1. Don't really care about name, just concepts.
2. As noted in post, six measures were used to illustrate id‚Ä¶ https://t.co/uxyjwV9QBE"
891448134177443840,2017-07-29 23:59:32,"@lwsnbaker Apears to be some confusion over the use of term ""objective function"", which is from math :)
https://t.co/86LLArp94d"
891442475562262528,2017-07-29 23:37:03,"@hrdng Re: the rest, just as a quick reply, we think explicit measures = good because they let us determine if we'r‚Ä¶ https://t.co/Pct1cnKL5N"
891438543440027648,2017-07-29 23:21:25,"@hrdng To frame it as an optimization problem (eg ""maximize decentralization""), need an ""objective function"" in mat‚Ä¶ https://t.co/Y9WF6gJasl"
891438172248223744,2017-07-29 23:19:57,"@hrdng Hi David! Quick response below. Looks like there may be some confusion over the term ""objective function"". I‚Ä¶ https://t.co/PJkO22gvWw"
891421971480694785,2017-07-29 22:15:34,"@NickSzabo4 Right, which is why we explicitly noted that in the post :) Would love to get a list of the specific pa‚Ä¶ https://t.co/TDRyllc1Zo"
891015204623892480,2017-07-28 19:19:13,"@mwilcox @ChristopherA @VitalikButerin @muneeb @taoeffect üëçPotentially a good subsystem to add, though even if 90%‚Ä¶ https://t.co/ssTYagv4HU"
891014165971607556,2017-07-28 19:15:06,@ChristopherA @VitalikButerin @muneeb @taoeffect Our metric also accounts for power distribution *within* each subs‚Ä¶ https://t.co/emJOwl8vHU
891013359591501824,2017-07-28 19:11:53,@ChristopherA @VitalikButerin @muneeb @taoeffect That's a great cite and spiritually similar! Makes me think we sho‚Ä¶ https://t.co/LPcMLxm5N8
891007270045106176,2017-07-28 18:47:41,@peter_szilagyi @simondlr @GeorgeAHallam Will correct if in error! We took that from the client breakdown here:‚Ä¶ https://t.co/fhZ5QTZIuc
890811338213044226,2017-07-28 05:49:08,@nathanielpopper https://t.co/uoyNCVValS
890810836339404800,2017-07-28 05:47:08,"Bitcoin won't lose out. Will get to $1T someday. ""The network effect has been broken"" meant that it's no longer the‚Ä¶ https://t.co/WmzEOrqKPK"
890760445576990720,2017-07-28 02:26:54,"We must be able to measure blockchain decentralization before we can improve it.
https://t.co/gTpsKCIEEk https://t.co/YssQR0nhvU"
868530028090277888,2017-05-27 18:11:09,"Tokens are early today, but will transform technology tomorrow.
https://t.co/1ILv8M9436"
820139852041777152,2017-01-14 05:25:52,"Don't argue on Twitter.
Build the future."
